"name","address","price","rating","description","imageUrl"
Puntillo del Sol,Tenerife,70€,4.69,1 dormitorio 2 camas 1 baño El apartamento modernamente reformado, muy luminoso y bien equipado en un complejo muy bien cuidado (con ascensor) directamente en la costa norte de Tenerife te invita a relajarte y vacacionar. El gran balcón tiene vistas al océano Atlántico y al Teide,./puntillodelsol1.webp
Your Paradise,Tenerife,90€,4.85,1 dormitorio 1 cama 1 baño Nuestro lujoso apartamento es una joya tallada en el corazón de la Matanza,una zona turística, en un municipio que alberga la mayor tradición vitivinícola de Tenerife. Muy bien conectada con la autopista del Norte,./YourParadise1.webp
La Quinta,Tenerife,123€,4.30,1 dormitorio 1 cama 1 baño Te ofrecemos una magnífica vista al mar a través de una ventana del suelo al techo en la sala de estar. Disfruta de fantásticas puestas de sol y disfruta de la extensa terraza y la gigantesca piscina de 30 metros en medio de un cuidado jardín tropical,./LaQuinta1.webp
Paradise Ocean,Tenerife,100€,4.75,1 dormitorio 2 camas 1 baño Situado en el golf del sur a 5 minutos a pie de la playa a 100 metros de la estación de autobuses para ir a otras ciudades o el aeropuerto (8 km),./ParadiseOcean1.webp
Santa Cruz,Tenerife,75€,4.9,2 dormitorios3 camas1 baño,Este magnífico piso de 2 dormitorios en el centro de Santa Cruz de Tenerife tiene capacidad para 4 personas.El piso es muy moderno con decoración minimalista confortable acogedor coqueto y muy luminoso con una superficie de 60 m²,./SantaCruz1.webp
La Pardela,El Hierro,69€,5.0,2 dormitorios 3 camas 1 baño Disfruta de esta maravillosa casa en La Caleta un precioso pueblo pesquero de la Isla de El Hierro. Cercano al aeropuerto con un vehículo de alquiler su ubicación es perfecta para visitar la isla a la vez que disfrutar del ambiente costero de la zona su gastronomía y paisaje,./LaPardela1.webp
La Restinga,El Hierro,70€,4.77,1 dormitorio 2 camas 1 baño Si visita El Hierro para la práctica de surf o simplemente disfrutar de unas vacaciones junto al mar Viviendas Vacacionales Sur de Europa es el lugar perfecto para alojarse en pareja con familia o amigos,./LaRestinga1.webp
La Caleta,El Hierro,100€,4.80,1 dormitorio 1 cama 1 baño Zona costera muy tranquila salón Smart tv 55' cocina con electrodomésticos WiFi lavadora habitación con cama matrimonio sofá cama en salón para dos personas sillas de exterior con vistas al mar piscinas naturales agua de mar a 100m,./LaCaleta1.webp

Caleta de Famara,Lanzarote,150€,4.5, 3 dormitorios 4 camas 2 baños. A primera linea de playa. ¡Una zona muy tranquila llena de un ambiente surfero que te encantará! Un sitio muy especial con el que podrás venir con tus amigos a pasarlo bien haciendo el mejor deporte del mundo,./CaletadeFamara1.webp
Caleta de Caballo,Lanzarote,80€, 4.6, 2 dormitorios 3 camas 1 baño. Situado en la mejor zona de Lanzarote para surfear. Si aun no sabes surfear no te preocupes, estamos muy cerca de la academia de surf de la zona en la cual te harán un gran descuento por ir desde nuestra casa,./CaletadeCaballo1.webp
Las Canteras,Gran Canaria,120€,4.30, 2 dormitorios 2 camas 1 baño. Disfruta tanto del surf como de la vida en la ciudad en el mismo sitio, sin tener que renunciar a nada gracias a nuestra gran ubicación en la capital de la isla,./LasCanteras1.webp
Moya, Gran Canaria,130€,4.80, 4 dormitorios 6 camas 2 baños. Estamos situados en una de las zonas con mas actividad surfera de la isla. Podrás venir con tus amigos y disfrutar de este gran deporte que nos une. Estamos a solo 5 minutos en coche de la ciudad,./Moya1.webp
Corralejo, Fuerteventura, 90€,4.30, 2 dormitorios 3 camas 2 baños. Estamos cituados en una de las zonas más bonitas de la isla. Donde podrás venir tanto con amigos o con tu pareja para pasar unas vacaciones diferentes. ¡Te esperamos!,./Corralejo1.webp
La Oliva, Fuerteventura, 100€, 4.50, 3 dormitorios 3 camas 2 baños. En este fantastico alojamiento podras disfrutar de la playa con tus amigos. Y cuando termines de surfear podras seguir pasandolo bien con nuestra barbocoa ubicada en la azotea,./LaOliva1.webp